X,Y
0,0
0,0
0,0
0,0
1,0
1,1
1,1
1,1
2,1
3,2
3,2
3,2
4,2
4,3
5,4
5,4
5,4
6,4
7,5
7,5
7,5
8,5
8,5
8,6
9,6
9,6
10,6
11,6
11,7
11,7
12,7
12,8
13,8
13,8
13,8
14,8
15,9
15,9
16,9
16,9
17,10
17,10
18,10
18,10
19,10
19,11
20,11
20,11
20,12
21,12
21,12
21,12
22,12
23,13
23,13
24,13
24,13
24,13
25,13
25,14
25,14
25,14
26,14
27,14
27,15
28,15
28,16
28,16
29,16
29,16
29,16
30,16
30,17
30,17
31,17
31,17
32,17
32,18
33,18
33,18
34,18
34,19
34,19
35,19
36,19
36,20
37,20
37,20
37,21
38,21
38,21
38,21
39,21
39,22
40,22
40,22
40,22
41,22
41,22
41,23
42,23
42,23
42,23
43,23
44,23
44,24
44,24
44,25
45,25
45,25
45,25
46,25
46,26
46,26
47,26
47,26
48,26
48,26
48,27
49,27
49,27
49,27
50,27
50,28
51,28
51,29
52,29
52,29
52,29
53,29
53,29
53,30
54,30
54,30
55,30
55,31
56,31
56,31
56,31
57,31
57,32
57,32
58,32
58,33
58,33
59,33
59,33
59,33
59,34
60,34
61,34
61,34
61,34
61,35
62,35
62,35
62,35
63,35
63,35
63,36
64,36
64,37
65,37
65,37
65,37
66,37
66,38
66,38
67,38
67,38
67,38
67,39
68,39
69,39
69,39
69,39
69,40
70,40
70,40
70,41
71,41
71,41
72,42
73,42
73,42
73,42
74,42
74,43
74,43
74,43
75,43
75,43
75,44
76,44
77,45
77,45
77,45
78,45
78,46
79,46
79,46
80,46
80,47
81,47
81,47
82,47
82,47
82,48
83,48
83,49
83,49
84,49
84,49
85,49
85,50
86,50
86,50
86,50
87,51
87,51
88,51
88,51
89,51
89,52
89,52
90,52
90,52
90,52
91,53
91,53
92,53
92,54
92,54
93,54
94,54
94,55
94,55
95,55
95,55
96,55
96,56
96,56
96,56
97,56
98,56
98,57
98,57
99,57
99,58
99,58
100,58
100,58
100,58
101,59
102,59
102,59
102,59
102,60
103,60
103,60
103,60
104,60
104,61
104,61
104,62
105,62
106,62
106,63
107,63
107,63
107,63
107,64
108,64
108,64
108,64
109,64
109,65
110,65
110,66
110,66
111,66
111,66
111,66
111,67
112,67
112,67
112,67
113,67
113,68
114,68
114,68
114,68
115,68
115,68
115,69
116,69
116,70
116,70
117,70
118,70
118,71
119,71
119,71
119,71
120,71
120,72
120,72
121,72
121,72
122,72
122,72
122,73
123,73
123,74
124,74
124,74
124,74
125,74
125,75
125,75
126,75
126,75
127,75
127,76
128,76
128,76
129,76
129,77
129,77
130,77
131,78
131,78
131,78
132,78
132,79
133,79
133,79
133,79
134,79
134,80
135,80
135,80
135,80
136,80
136,81
136,81
137,81
137,82
137,82
138,82
138,82
139,83
139,83
139,83
140,83
140,84
140,84
141,84
141,84
141,84
142,85
143,85
143,85
143,85
144,85
144,86
144,86
144,87
145,87
145,87
145,87
146,87
146,88
147,88
147,88
147,88
148,88
148,89
148,89
149,89
149,89
149,90
150,90
150,91
151,91
151,91
151,91
151,92
152,92
152,92
152,93
153,93
153,93
153,93
154,93
154,94
154,94
154,95
155,95
155,95
156,95
156,95
156,96
156,96
157,96
157,96
157,97
157,97
158,97
158,97
158,98
159,98
159,99
160,99
160,99
160,99
161,99
161,100
161,100
162,101
162,101
162,101
163,101
164,102
164,103
164,103
164,103
165,103
165,104
165,104
165,104
166,104
166,105
166,105
166,105
167,105
167,106
168,106
168,107
168,107
169,107
169,107
169,108
170,108
170,108
170,108
170,109
171,109
171,109
172,109
172,110
172,110
172,111
173,111
173,111
173,111
173,112
174,112
174,112
174,112
175,112
175,113
176,113
176,113
176,113
176,114
177,114
177,115
178,115
178,115
178,116
179,116
179,116
180,116
180,117
180,117
181,117
181,117
181,117
181,118
182,118
182,118
182,118
182,119
183,119
183,120
184,120
184,120
184,120
185,120
185,121
185,121
186,121
186,122
186,122
186,122
187,122
187,122
187,123
188,123
188,124
189,124
189,124
189,124
189,125
190,125
190,125
190,125
190,126
191,126
191,126
191,126
191,127
192,127
193,128
193,128
194,128
194,129
194,129
194,129
195,129
195,130
195,130
196,130
197,131
197,132
198,132
198,132
198,132
199,132
199,133
199,133
199,133
200,133
200,134
201,134
201,134
202,134
202,135
202,135
202,136
203,136
203,136
203,136
204,136
204,137
205,137
205,137
205,137
206,137
206,138
206,138
206,138
207,138
207,138
207,139
208,139
208,140
209,140
209,140
210,140
210,141
210,141
210,141
211,141
211,141
211,142
212,142
212,142
213,142
213,143
213,143
214,143
214,144
214,144
214,144
215,144
215,145
215,145
215,145
216,145
217,146
217,146
217,146
218,146
218,147
218,147
219,147
219,148
219,149
220,149
220,149
220,149
220,150
221,150
222,150
222,150
222,150
222,151
223,151
223,151
223,151
223,152
224,152
224,153
224,153
224,153
225,153
226,154
226,154
226,154
227,154
227,155
227,155
227,155
228,155
228,156
228,156
229,157
230,157
230,157
230,158
231,158
231,158
231,158
231,159
232,159
232,159
232,159
233,160
234,161
234,161
235,161
235,162
235,162
235,162
236,162
236,163
236,163
237,163
238,163
238,164
238,164
238,165
239,165
239,165
239,165
239,166
240,166
240,166
241,166
241,167
242,167
242,167
242,167
242,168
243,168
243,168
243,169
244,169
244,169
244,169
244,170
245,170
245,170
246,170
246,171
247,171
247,171
247,171
247,172
248,172
248,173
249,173
249,173
250,173
250,174
251,174
251,174
251,174
251,175
252,175
252,175
252,175
253,175
253,176
253,176
254,176
254,177
255,177
255,177
255,178
256,178
256,178
257,178
257,179
257,179
257,179
258,179
258,180
259,180
259,180
260,180
260,181
260,181
261,181
261,182
261,182
261,182
262,182
263,183
263,183
264,183
264,184
265,184
265,184
265,184
266,185
267,186
267,186
268,186
268,186
268,187
269,187
269,187
269,187
270,187
270,188
271,188
271,188
271,188
272,188
272,189
272,189
272,190
273,190
273,190
273,190
274,190
274,191
275,191
275,191
276,192
276,192
276,192
277,192
277,193
278,193
278,194
279,194
279,194
279,194
279,195
280,195
280,195
280,195
280,196
281,196
281,196
282,196
282,196
282,197
283,197
283,198
284,198
284,198
284,198
285,198
285,198
285,199
286,199
286,199
286,199
287,199
287,200
288,200
288,200
288,200
289,200
289,201
289,201
289,202
290,202
290,202
290,202
291,202
291,203
292,203
292,203
292,203
292,204
293,204
293,204
293,204
294,204
294,205
294,205
294,206
295,206
296,206
296,206
296,207
297,207
297,207
297,207
297,208
298,208
298,208
298,208
299,208
299,209
300,209
300,209
300,210
301,210
301,210
301,210
302,210
302,211
302,211
302,211
303,211
304,211
304,212
304,212
305,212
305,212
305,213
306,213
306,213
307,213
307,214
308,214
308,215
308,215
309,215
309,215
310,215
310,216
310,216
311,216
311,216
312,216
312,217
312,217
313,217
313,217
313,218
314,218
314,218
314,219
315,219
315,219
315,219
316,219
316,220
317,220
317,220
318,220
318,221
318,221
319,221
319,221
319,221
319,222
320,222
321,222
321,223
322,223
322,223
323,223
323,224
323,224
323,224
324,224
325,224
325,225
325,225
325,225
326,225
326,225
326,226
327,226
327,227
328,227
329,227
329,227
329,228
330,228
330,228
331,229
331,229
332,229
332,229
333,229
333,230
333,230
334,231
334,231
335,231
335,231
335,232
336,232
337,232
337,232
337,232
338,233
338,233
339,233
339,233
339,234
340,234
341,234
341,235
341,235
341,235
342,235
342,235
342,236
343,236
343,236
343,236
344,236
345,236
345,237
345,237
346,237
346,237
346,238
347,238
347,239
348,239
348,239
348,239
349,239
349,240
350,240
350,240
351,240
351,240
351,241
352,241
352,241
352,241
353,241
354,241
354,242
354,242
354,242
355,242
355,242
356,243
356,243
356,244
357,244
358,244
358,244
358,245
359,245
359,245
359,245
360,245
360,245
361,245
361,246
362,246
362,246
362,246
362,247
363,247
363,247
364,248
364,248
365,248
365,249
366,249
366,249
367,249
367,250
367,250
368,250
368,250
368,251
369,251
370,251
370,252
370,252
370,252
371,252
371,252
371,253
372,253
372,253
372,253
372,254
373,254
374,254
374,254
374,254
374,255
375,255
375,255
375,256
376,256
376,256
376,256
377,256
377,257
377,257
377,257
378,257
379,257
379,258
379,258
379,258
380,258
380,259
381,259
381,260
381,260
382,260
382,260
383,260
383,261
383,261
383,261
384,261
384,261
384,262
385,262
385,262
385,262
386,262
386,263
387,263
387,263
387,264
388,264
388,264
388,264
389,264
389,265
389,265
390,265
391,265
391,266
391,266
392,266
392,266
392,267
393,267
393,268
393,268
394,268
394,268
395,268
395,269
396,269
396,269
396,269
397,270
397,270
397,270
398,270
399,270
399,271
399,271
400,271
400,272
400,272
400,272
401,272
401,272
401,273
402,273
403,273
403,273
404,273
404,274
404,274
404,274
405,274
405,274
405,275
406,275
407,275
407,275
407,275
408,275
408,276
408,276
408,277
409,277
409,277
410,277
410,277
410,277
410,278
411,278
412,278
412,278
413,278
413,278
413,279
414,279
414,279
415,279
416,279
416,280
417,280
417,281
418,281
418,281
419,281
420,281
420,282
420,282
421,282
421,282
422,282
422,282
422,283
423,283
424,283
424,283
425,283
425,283
425,284
426,284
426,284
427,285
428,285
428,285
428,285
429,285
429,285
430,286
430,286
431,286
431,286
432,286
432,286
432,287
433,287
433,287
434,287
434,287
435,287
435,288
436,288
436,288
436,289
437,289
437,289
437,289
438,289
438,289
439,289
440,290
440,290
440,290
441,290
441,290
442,290
442,291
442,291
442,291
443,291
443,291
444,291
444,292
445,292
445,293
446,293
446,293
446,293
447,293
447,293
447,294
448,294
449,294
449,294
449,294
450,294
450,295
451,295
451,295
451,295
452,295
453,296
453,296
454,296
454,297
454,297
455,297
455,297
456,297
457,297
457,298
457,298
458,298
458,298
458,298
459,298
459,299
459,299
460,299
461,299
461,299
461,299
461,300
462,300
462,300
463,300
463,301
464,301
464,301
465,301
465,301
466,301
466,302
466,302
467,302
467,302
467,302
468,302
469,303
469,303
470,303
470,303
471,304
471,304
471,305
472,305
473,305
473,305
474,305
474,305
474,306
475,306
475,306
476,306
476,306
476,307
477,307
478,307
478,307
478,307
479,307
479,308
479,308
480,308
480,308
480,308
481,308
482,309
482,309
483,309
483,310
483,310
484,310
484,310
484,310
485,310
485,311
486,311
486,311
487,311
487,311
487,311
488,312
488,312
488,312
489,312
490,312
490,312
490,313
491,313
491,313
491,314
492,314
492,314
492,314
493,314
494,314
494,315
494,315
495,315
495,315
495,315
496,315
496,316
496,316
497,316
497,316
498,316
498,316
499,316
499,317
499,317
499,318
500,318
500,318
501,318
501,318
502,318
502,319
503,319
503,319
503,319
504,319
504,320
505,320
505,320
505,320
506,320
507,320
507,321
507,321
508,321
508,322
508,322
509,322
509,322
509,322
510,322
510,323
511,323
511,323
511,323
512,323
512,323
512,324
513,324
513,324
513,324
514,324
515,324
515,325
515,325
516,325
516,326
516,326
517,326
517,326
517,326
518,326
518,327
519,327
519,327
519,327
520,327
520,328
521,328
521,328
521,328
522,328
523,328
523,329
523,329
524,330
524,330
525,330
525,330
525,330
526,331
527,331
527,331
527,331
528,331
528,332
529,332
529,332
529,332
530,332
531,333
531,333
531,334
532,334
532,334
533,334
533,334
533,335
534,335
535,335
535,335
536,335
536,336
537,336
537,336
537,336
538,336
538,337
539,337
540,338
540,338
541,338
541,338
542,339
542,339
542,339
543,339
544,339
544,340
544,340
545,340
545,340
545,340
546,340
546,341
546,341
547,341
547,341
548,341
548,342
549,342
549,342
549,343
550,343
550,343
551,343
552,343
552,344
552,344
553,344
553,344
554,344
554,345
554,345
555,345
556,345
556,345
556,345
556,346
557,346
557,346
558,346
558,347
558,347
558,347
559,347
560,347
560,348
560,348
560,348
561,348
561,348
561,349
562,349
562,349
562,349
563,349
563,350
564,350
564,351
564,351
565,351
565,351
565,352
566,352
566,352
566,352
566,353
567,353
568,353
568,353
568,353
568,354
569,354
569,355
570,355
570,355
570,356
571,356
571,356
572,357
573,357
573,357
573,357
574,358
574,358
574,359
575,359
575,359
576,359
576,360
577,360
577,360
578,360
578,360
578,360
578,361
579,361
579,361
579,361
580,361
580,362
581,362
581,362
581,363
582,363
582,363
582,363
583,363
583,364
583,364
584,364
584,364
585,364
585,364
585,365
586,365
586,365
587,365
587,366
587,366
588,366
588,367
589,367
589,367
590,367
590,367
590,368
591,368
591,368
591,368
592,368
592,369
593,369
593,369
593,369
594,369
594,369
594,370
595,370
595,370
595,370
596,370
596,371
597,371
597,371
597,372
598,372
598,372
598,372
599,372
599,373
600,373
600,373
601,373
602,374
602,374
602,374
603,374
603,374
604,375
604,375
605,376
606,376
606,376
607,376
607,377
607,377
608,377
608,377
608,377
609,377
609,378
610,378
610,378
611,378
611,378
611,379
612,379
612,379
612,380
613,380
614,380
614,380
614,380
615,380
615,381
615,381
616,381
616,381
617,381
617,382
618,382
618,382
619,382
619,383
620,383
620,384
621,384
621,384
622,384
622,384
622,385
623,385
623,385
624,385
624,386
625,386
625,386
626,386
626,387
627,387
627,387
627,388
628,388
628,388
628,388
628,389
629,389
630,389
630,389
630,389
630,390
631,390
631,390
631,390
632,390
632,391
632,391
633,391
633,392
633,392
633,392
634,392
635,392
635,393
635,393
635,393
636,393
636,393
636,394
637,394
637,394
637,394
638,394
638,395
639,395
639,396
640,396
640,396
640,396
641,396
641,397
641,397
641,397
642,397
643,397
643,398
643,398
644,398
644,398
644,398
644,399
645,399
645,399
645,400
646,400
647,400
647,400
647,401
648,401
648,401
648,401
649,401
649,401
649,402
650,402
650,402
651,402
651,402
651,403
652,403
652,403
652,403
653,403
653,404
653,404
653,405
654,405
655,405
655,405
655,405
655,406
656,406
656,406
656,406
657,406
657,407
657,407
658,407
658,407
659,407
659,407
659,408
660,408
660,409
660,409
661,409
661,409
661,409
661,410
662,410
663,410
663,410
663,410
664,411
664,411
665,411
665,412
666,412
666,412
666,413
667,413
667,413
668,413
668,413
669,413
669,414
669,414
669,414
670,414
670,414
670,415
671,415
672,415
672,415
672,416
673,416
673,416
674,417
674,417
674,417
675,417
676,417
676,418
676,418
676,418
677,418
677,418
677,419
678,419
678,419
678,419
679,419
680,419
680,420
681,420
681,421
681,421
682,421
682,421
682,421
683,422
684,422
684,422
685,422
685,423
685,423
686,423
686,423
686,423
687,424
688,424
688,425
688,425
689,425
689,425
689,425
690,425
690,426
690,426
690,426
691,426
692,426
692,427
692,427
692,427
693,427
693,427
693,428
694,429
694,429
694,429
695,429
696,430
696,430
697,430
697,431
698,431
698,431
698,431
699,431
699,432
699,432
700,433
701,433
701,433
701,433
702,433
702,434
702,434
702,434
703,434
703,434
703,435
704,435
705,435
705,435
705,436
706,436
706,436
706,436
707,436
707,437
707,437
708,437
708,438
709,438
709,438
709,438
710,438
710,439
710,439
710,439
711,439
711,440
712,440
713,440
713,441
713,441
713,442
714,442
714,442
714,442
715,442
715,443
716,443
717,443
717,443
717,444
718,444
718,444
718,444
719,444
719,444
719,445
720,445
721,446
721,446
722,446
722,446
722,447
723,447
723,447
723,447
724,447
725,448
725,448
726,448
726,449
727,449
727,449
727,450
728,450
728,450
729,450
730,450
730,451
730,451
730,451
731,451
731,451
732,451
732,452
732,452
732,452
733,452
734,452
734,453
734,453
735,453
735,454
735,454
736,454
736,454
736,454
737,455
738,455
738,455
738,455
739,455
739,456
739,456
740,456
740,456
741,456
741,457
742,457
742,458
742,458
743,458
743,458
743,458
743,459
744,459
744,459
744,459
745,459
745,460
746,460
746,460
746,460
747,460
747,461
747,461
747,462
748,462
748,462
748,462
749,462
750,462
750,463
750,463
751,463
751,463
751,464
752,464
752,464
752,464
753,464
754,464
754,465
754,465
755,465
755,465
756,465
756,466
756,466
757,466
757,467
758,467
758,467
759,467
759,467
759,468
760,468
760,468
761,468
761,468
761,469
762,469
762,469
763,469
763,469
764,469
764,470
764,470
765,470
765,470
765,471
766,471
767,471
767,471
767,471
768,471
768,471
768,472
769,472
769,472
769,472
770,472
771,472
771,472
771,473
772,473
772,473
772,473
773,473
773,473
774,473
774,474
775,474
775,475
776,475
776,475
777,475
777,475
778,475
778,476
779,476
779,476
780,476
780,476
781,477
781,477
782,477
782,477
783,477
783,478
783,478
784,478
784,478
784,479
785,479
785,479
785,479
786,479
787,479
787,480
788,480
788,480
788,480
789,480
789,480
790,481
791,481
791,481
791,481
792,481
792,481
793,481
793,482
793,482
794,482
794,483
794,483
795,483
796,483
796,483
797,483
797,483
797,484
798,484
798,484
798,484
799,484
800,484
800,485
800,485
801,485
801,485
801,485
802,485
802,485
802,486
803,486
804,486
804,486
804,487
805,487
805,487
805,487
806,487
806,487
807,488
808,488
808,488
808,488
809,488
809,489
809,489
810,489
810,489
810,489
811,490
812,490
812,491
812,491
813,491
813,491
814,491
814,492
814,492
815,492
815,492
816,492
816,493
817,493
817,493
818,493
818,494
818,494
819,494
820,494
820,495
820,495
821,495
821,495
822,495
822,496
822,496
823,496
823,496
824,496
824,497
825,497
825,497
826,497
826,497
826,498
827,498
827,498
827,498
828,498
829,498
829,499
829,499
830,500
830,500
831,500
831,500
831,500
832,501
833,501
833,501
833,501
834,501
834,502
835,502
835,502
836,502
836,503
837,503
837,503
838,503
838,504
838,504
839,504
839,504
839,504
840,504
840,505
841,505
841,505
842,505
842,505
842,505
843,506
843,506
844,506
844,506
845,506
845,506
845,507
846,507
846,507
846,508
847,508
847,508
847,508
848,508
849,508
849,509
849,509
850,509
850,509
851,509
851,510
851,510
852,510
852,510
853,510
853,511
854,511
854,511
854,512
855,512
855,512
855,512
856,512
856,512
856,513
857,513
858,513
858,513
859,513
859,514
859,514
860,514
860,514
860,514
861,514
862,515
862,515
863,516
863,516
864,516
864,516
865,517
866,517
866,517
866,517
867,517
867,518
868,518
868,518
869,518
869,519
870,519
870,519
871,520
871,520
872,520
872,520
872,520
873,521
874,521
874,521
875,521
875,522
875,522
876,522
876,522
877,522
878,523
878,523
879,523
879,524
879,524
880,524
880,524
881,525
882,525
882,525
882,525
883,525
883,526
884,526
884,526
884,526
885,526
886,526
886,527
886,527
887,527
887,528
887,528
888,528
888,528
888,528
889,528
889,529
889,529
890,529
890,529
891,529
891,530
892,530
892,530
893,530
893,531
893,531
894,531
895,531
895,531
895,532
896,532
896,532
896,533
897,533
897,533
897,533
898,533
899,534
899,534
900,534
900,534
900,535
901,535
901,535
901,535
902,535
903,536
903,536
904,537
904,537
904,537
905,537
905,537
905,538
906,538
907,538
907,538
908,539
908,539
908,539
909,539
909,539
909,540
910,540
911,540
911,541
911,541
912,541
912,541
913,541
913,542
913,542
914,542
915,542
915,542
915,543
916,543
916,543
916,543
917,543
917,544
917,544
918,545
919,545
919,545
920,545
920,546
920,546
921,546
921,546
921,546
922,546
922,547
922,547
923,547
923,547
924,547
924,547
924,548
925,548
925,549
926,549
926,549
926,549
927,549
927,550
928,550
928,550
929,551
929,551
929,551
930,551
930,551
930,552
931,552
931,553
932,553
932,553
932,553
933,553
933,554
933,554
934,554
934,554
935,555
936,555
936,555
937,556
937,556
937,557
938,557
938,557
938,557
939,557
939,558
940,558
940,558
940,558
941,558
941,559
941,559
942,559
942,559
942,559
942,560
943,560
943,561
944,561
944,561
944,561
945,561
945,562
945,562
946,562
946,562
946,562
946,563
947,563
948,563
948,563
948,563
949,564
949,564
950,564
950,564
950,565
951,565
951,565
951,566
952,566
953,566
953,566
953,566
954,566
954,567
954,567
955,567
955,567
955,567
956,567
956,568
957,568
957,568
958,568
958,569
958,569
959,569
959,570
959,570
960,570
961,570
961,571
961,571
962,571
962,571
962,571
963,571
963,572
963,572
964,572
965,572
965,572
966,572
966,573
966,573
967,574
967,574
968,574
968,574
969,574
969,574
969,575
970,575
970,575
970,575
971,575
971,575
971,576
972,576
973,576
973,576
974,576
974,577
974,577
975,577
975,578
975,578
976,578
977,578
977,579
978,579
978,579
979,579
979,579
979,579
980,579
980,580
981,580
981,580
982,580
982,580
983,580
983,581
983,581
984,581
984,582
984,582
985,582
986,582
986,582
986,583
987,583
987,583
988,583
988,583
988,583
989,583
989,584
990,584
990,584
991,584
991,584
991,585
992,585
992,585
992,586
993,586
994,586
994,586
994,586
995,586
995,587
995,587
996,587
996,587
996,587
997,587
997,588
998,588
998,588
999,588
999,588
999,589
1000,589
1000,589
1000,590
1001,590
1002,590
1002,590
1002,590
1003,590
1003,591
1003,591
1004,591
1004,591
1004,592
1005,592
1006,592
1006,592
1006,592
1007,593
1007,593
1007,593
1008,593
1008,593
1008,594
1009,594
1009,595
1010,595
1010,595
1010,595
1011,595
1011,596
1012,596
1012,596
1012,596
1013,596
1013,597
1014,597
1014,597
1014,597
1015,597
1015,598
1016,598
1016,599
1017,599
1017,599
1017,599
1018,599
1018,600
1019,600
1019,600
1020,600
1020,600
1020,601
1021,601
1021,601
1022,601
1023,602
1023,602
1023,603
1024,603
1024,603
1024,603
1025,603
1025,604
1026,604
1027,604
1027,604
1027,605
1028,605
1028,605
1028,605
1029,605
1029,605
1029,606
1030,606
1031,607
1031,607
1031,607
1032,607
1032,607
1032,608
1033,608
1033,608
1033,608
1034,608
1034,609
1035,609
1035,609
1035,609
1036,609
1036,609
1036,610
1037,610
1037,610
1037,611
1038,611
1038,611
1039,611
1039,611
1039,612
1040,612
1040,612
1040,612
1041,612
1041,613
1042,613
1043,613
1043,613
1043,613
1043,614
1044,614
1044,614
1044,615
1045,615
1045,615
1046,615
1046,616
1046,616
1047,616
1047,616
1048,616
1048,617
1049,617
1049,617
1050,617
1050,618
1050,619
1051,619
1052,619
1052,619
1052,619
1053,620
1053,620
1054,620
1054,620
1054,621
1055,621
1056,621
1056,621
1057,622
1057,622
1058,623
1058,623
1059,623
1060,623
1060,624
1061,624
1061,624
1061,624
1062,625
1062,625
1063,625
1064,625
1064,626
1065,626
1065,626
1066,626
1066,627
1066,627
1066,628
1067,628
1068,628
1068,628
1068,628
1069,628
1069,629
1069,629
1069,629
1070,629
1070,629
1071,630
1072,630
1072,630
1072,630
1073,630
1073,631
1074,631
1074,632
1074,632
1075,632
1076,632
1076,632
1076,633
1077,633
1077,633
1077,633
1078,633
1078,634
1079,634
1079,634
1080,634
1081,635
1081,635
1081,636
1082,636
1082,636
1082,636
1083,636
1083,636
1083,637
1084,637
1085,637
1085,637
1085,638
1086,638
1086,638
1087,638
1087,639
1087,639
1088,639
1088,640
1089,640
1089,640
1089,640
1090,640
1090,640
1090,641
1091,641
1091,641
1091,641
1092,641
1092,642
1093,642
1093,642
1094,642
1094,642
1095,642
1095,643
1095,643
1095,644
1096,644
1097,644
1097,644
1098,645
1098,645
1099,645
1099,645
1100,646
1101,646
1101,646
1102,646
1102,647
1102,647
1103,647
1103,648
1104,648
1104,648
1105,648
1105,649
1106,649
1106,649
1106,649
1107,649
1107,650
1108,650
1109,650
1109,650
1109,650
1110,650
1110,651
1110,651
1111,651
1111,652
1112,652
1112,652
1113,652
1114,653
1114,653
1115,653
1115,653
1116,653
1116,654
1116,654
1117,654
1118,654
1118,654
1118,654
1119,655
1119,655
1120,655
1120,656
1121,656
1121,656
1122,656
1122,656
1123,656
1123,657
1123,657
1124,657
1124,657
1125,657
1125,658
1126,658
1126,658
1127,658
1127,658
1127,658
1128,659
1128,659
1129,659
1129,659
1130,659
1130,659
1131,660
1131,660
1132,660
1132,661
1132,661
1133,661
1133,661
1134,661
1134,661
1135,661
1135,662
1135,662
1136,662
1136,662
1136,662
1137,662
1138,663
1138,663
1139,663
1139,663
1140,663
1140,664
1141,664
1141,665
1142,665
1142,665
1143,665
1143,665
1143,666
1144,666
1144,666
1145,666
1145,666
1146,667
1147,667
1147,667
1148,667
1148,667
1148,668
1149,668
1149,668
1149,669
1150,669
1151,669
1151,669
1151,669
1152,669
1152,669
1152,670
1153,670
1153,670
1153,670
1154,670
1155,670
1155,671
1156,671
1156,671
1157,671
1157,671
1157,672
1158,672
1159,672
1159,673
1159,673
1160,673
1160,673
1160,673
1161,673
1161,674
1162,674
1163,674
1163,674
1164,674
1164,675
1164,675
1165,675
1165,675
1166,675
1166,676
1167,676
1167,676
1167,677
1168,677
1168,677
1168,677
1169,677
1169,677
1170,678
1171,678
1171,678
1171,678
1172,678
1172,679
1172,679
1173,679
1173,679
1173,679
1174,679
1174,680
1175,680
1176,681
1176,681
1177,681
1177,681
1177,681
1178,682
1178,682
1179,682
1179,682
1180,682
1180,682
1180,683
1181,683
1181,683
1182,683
1182,683
1182,684
1183,684
1184,684
1184,685
1184,685
1185,685
1185,685
1185,685
1186,685
1186,685
1186,686
1187,686
1188,686
1188,686
1188,686
1189,686
1189,687
1190,687
1190,687
1191,687
1192,687
1192,687
1192,688
1193,688
1193,688
1194,688
1194,688
1195,689
1196,689
1196,690
1197,690
1197,690
1198,690
1198,690
1199,691
1200,691
1200,691
1201,691
1201,691
1202,691
1202,692
1202,692
1203,692
1204,692
1204,692
1205,693
1205,693
1206,693
1206,693
1206,694
1207,694
1207,694
1207,694
1208,694
1209,694
1209,695
1210,695
1210,695
1211,695
1211,695
1211,696
1212,696
1213,696
1213,696
1213,696
1214,696
1214,696
1215,697
1215,697
1215,698
1216,698
1217,698
1217,698
1217,698
1218,698
1218,699
1218,699
1219,699
1219,699
1219,699
1220,699
1221,699
1221,700
1221,700
1222,700
1222,700
1222,700
1223,700
1223,701
1224,701
1225,701
1225,702
1225,702
1226,702
1226,702
1227,702
1227,703
1227,703
1228,703
1229,703
1229,703
1229,704
1230,704
1230,704
1231,704
1231,704
1231,705
1232,705
1233,705
1233,706
1233,706
1234,706
1234,706
1234,706
1235,706
1235,706
1235,707
1236,707
1237,707
1237,707
1238,707
1238,708
1239,708
1239,708
1239,708
1240,708
1240,709
1241,709
1242,709
1242,710
1243,710
1243,710
1243,710
1244,710
1244,710
1244,711
1245,711
1246,711
1246,711
1246,711
1247,711
1247,712
1248,712
1248,712
1249,712
1250,712
1250,713
1251,713
1251,713
1251,714
1252,714
1252,714
1253,714
1254,714
1254,715
1255,715
1255,715
1255,715
1256,715
1256,715
1256,716
1257,716
1258,716
1258,716
1258,716
1259,716
1259,717
1259,717
1260,717
1260,718
1260,718
1261,718
1261,718
1262,718
1262,718
1263,719
1263,719
1264,719
1264,719
1265,719
1266,720
1266,720
1266,720
1267,720
1267,720
1268,720
1268,721
1268,721
1269,721
1269,721
1270,721
1270,722
1271,722
1271,722
1271,723
1272,723
1272,723
1272,723
1273,723
1273,723
1274,723
1274,724
1275,724
1275,724
1276,724
1276,724
1277,725
1277,725
1277,725
1278,725
1279,725
1279,726
1280,726
1280,727
1281,727
1281,727
1282,727
1283,727
1283,728
1284,728
1284,728
1284,728
1285,728
1285,728
1286,729
1287,729
1287,729
1288,729
1288,729
1289,730
1289,730
1290,731
1291,731
1291,731
1292,731
1292,731
1293,731
1293,732
1294,732
1295,732
1295,732
1295,732
1296,733
1296,733
1297,733
1297,733
1297,733
1298,733
1299,734
1299,734
1300,734
1300,735
1300,735
1301,735
1301,735
1302,735
1302,736
1302,736
1303,736
1304,736
1304,736
1305,736
1305,737
1305,737
1306,737
1306,737
1307,737
1307,738
1308,738
1308,738
1308,739
1309,739
1309,739
1309,739
1310,739
1310,739
1310,740
1311,740
1312,740
1312,740
1313,740
1313,741
1314,741
1314,741
1315,741
1316,742
1316,742
1317,743
1317,743
1318,743
1318,743
1319,744
1320,744
1320,744
1321,744
1321,744
1322,745
1322,745
1323,745
1324,745
1324,745
1325,746
1325,746
1326,746
1326,747
1327,747
1328,747
1328,747
1329,747
1329,748
1330,748
1330,748
1332,748
1332,749
1333,749
1333,749
1334,749
1334,749
1335,749
1336,750
1336,750
1337,751
1337,751
1338,751
1338,751
1338,751
1339,751
1340,751
1340,752
1340,752
1341,752
1341,752
1342,752
1342,752
1343,752
1344,752
1344,753
1344,753
1345,753
1345,753
1346,753
1346,754
1347,754
1348,754
1348,754
1349,754
1349,754
1350,755
1350,755
1351,755
1351,756
1351,756
1352,756
1353,756
1353,756
1353,756
1354,756
1354,757
1354,757
1355,757
1355,757
1355,757
1356,757
1357,757
1357,757
1357,758
1358,758
1358,758
1358,758
1359,758
1359,758
1360,758
1361,758
1361,759
1361,759
1362,759
1362,760
1362,760
1363,760
1363,760
1364,760
1365,760
1365,760
1366,760
1366,761
1366,761
1367,761
1367,761
1367,761
1368,761
1369,761
1369,762
1370,762
1370,762
1371,762
1371,762
1372,763
1373,763
1373,764
1374,764
1374,764
1375,764
1375,764
1376,764
1377,765
1377,765
1378,765
1378,765
1379,766
1379,766
1380,766
1381,766
1381,766
1382,767
1382,767
1383,767
1383,768
1383,768
1384,768
1384,768
1385,768
1386,769
1386,769
1387,769
1387,769
1388,769
1388,770
1389,770
1390,770
1390,770
1391,771
1391,771
1392,771
1392,771
1392,772
1393,772
1394,772
1394,772
1394,772
1395,772
1395,772
1396,773
1396,773
1397,773
1397,773
1398,773
1398,773
1399,773
1399,774
1400,774
1400,774
1401,774
1402,774
1402,775
1403,775
1403,776
1403,776
1404,776
1404,776
1404,776
1405,776
1406,777
1406,777
1407,777
1407,777
1408,777
1408,778
1408,778
1409,778
1410,778
1410,778
1411,778
1411,779
1411,779
1412,779
1412,779
1413,780
1413,780
1413,780
1414,780
1415,780
1415,780
1415,781
1416,781
1416,781
1416,781
1417,781
1417,781
1417,782
1418,782
1419,782
1419,782
1419,782
1420,782
1420,782
1421,783
1421,783
1421,784
1422,784
1423,784
1423,784
1424,784
1424,785
1425,785
1425,785
1425,785
1426,785
1427,785
1427,786
1427,786
1428,786
1428,786
1428,786
1429,786
1429,787
1430,787
1430,787
1431,787
1431,787
1432,788
1432,788
1432,789
1433,789
1433,789
1434,789
1435,789
1435,790
1435,790
1436,790
1436,790
1437,790
1437,791
1437,791
1438,791
1439,791
1439,791
1440,792
1440,792
1441,793
1441,793
1442,793
1443,793
1443,794
1444,794
1444,794
1444,794
1445,794
1445,795
1446,795
1446,795
1446,795
1447,795
1448,795
1448,796
1448,796
1449,796
1449,797
1449,797
1450,797
1450,797
1450,797
1451,797
1451,798
1452,798
1452,798
1453,798
1453,798
1453,799
1454,799
1454,799
1454,799
1455,799
1456,799
1456,800
1457,800
1457,801
1458,801
1458,801
1458,801
1459,801
1460,802
1460,802
1461,802
1461,802
1462,803
1462,803
1463,803
1464,803
1464,803
1465,804
1465,804
1466,804
1466,805
1466,805
1467,805
1468,805
1468,805
1468,806
1469,806
1469,806
1469,806
1470,806
1470,807
1471,807
1472,807
1472,807
1472,807
1473,807
1473,808
1473,808
1474,808
1474,809
1474,809
1475,809
1475,809
1476,809
1476,809
1476,810
1477,810
1477,810
1477,810
1478,810
1478,810
1478,811
1479,811
1479,811
1480,811
1480,811
1481,811
1481,812
1481,812
1482,812
1482,812
1482,813
1483,813
1483,813
1483,813
1484,813
1485,813
1485,814
1486,814
1486,814
1487,814
1487,814
1487,815
1488,815
1489,815
1489,815
1490,815
1490,815
1490,816
1491,816
1491,816
1492,816
1493,816
1493,816
1493,817
1494,817
1494,817
1495,818
1495,818
1495,818
1496,818
1497,818
1497,819
1498,819
1498,819
1498,819
1499,819
1499,820
1500,820
1501,820
1501,820
1502,820
1502,821
1502,821
1503,822
1503,822
1504,822
1504,822
1505,822
1505,822
1505,823
1506,823
1506,823
1507,823
1507,823
1509,824
1509,825
1510,825
1510,825
1511,825
1511,825
1511,826
1512,826
1513,826
1513,826
1514,826
1514,826
1514,827
1515,827
1515,827
1516,827
1516,827
1517,827
1517,827
1518,828
1518,828
1519,828
1519,828
1519,828
1520,828
1520,829
1521,829
1521,829
1522,829
1522,830
1522,830
1523,830
1523,830
1524,830
1525,831
1525,831
1526,831
1526,831
1527,831
1527,832
1527,832
1528,832
1528,832
1529,832
1529,832
1530,832
1530,833
1530,833
1531,833
1531,834
1531,834
1532,834
1533,834
1533,834
1533,834
1534,834
1534,835
1534,835
1535,835
1535,835
1535,835
1536,835
1536,836
1537,836
1538,836
1538,836
1538,836
1539,836
1539,837
1539,837
1540,837
1540,837
1540,838
1541,838
1542,838
1542,838
1542,838
1543,838
1543,838
1543,839
1544,839
1544,839
1544,839
1545,839
1546,839
1546,839
1546,840
1547,840
1547,840
1548,840
1548,840
1549,841
1550,841
1550,842
1550,842
1551,842
1551,842
1551,842
1552,842
1552,842
1552,843
1553,843
1554,843
1554,843
1554,843
1555,843
1555,843
1555,844
1556,844
1556,844
1557,844
1557,844
1558,844
1558,845
1559,845
1559,845
1559,846
1560,846
1560,846
1561,846
1562,846
1562,846
1562,847
1563,847
1563,847
1563,847
1564,847
1564,847
1565,847
1565,848
1566,848
1566,848
1566,848
1567,848
1567,848
1567,849
1568,849
1568,849
1569,850
1569,850
1569,850
1570,850
1571,850
1571,850
1571,851
1572,851
1572,851
1572,851
1573,851
1573,851
1573,852
1574,852
1575,852
1575,852
1575,852
1576,852
1576,852
1577,853
1577,854
1578,854
1579,854
1579,854
1579,854
1580,854
1580,854
1580,855
1581,855
1581,855
1582,855
1583,855
1583,856
1584,856
1584,856
1584,856
1585,856
1585,856
1586,856
1586,857
1587,857
1587,857
1588,858
1588,858
1589,858
1589,858
1590,858
1591,859
1591,859
1591,859
1592,859
1592,859
1593,859
1593,860
1594,860
1595,860
1595,860
1596,860
1596,861
1597,861
1597,861
1598,861
1598,861
1599,862
1600,862
1600,863
1601,863
1601,863
1601,863
1602,863
1602,863
1603,864
1604,864
1604,864
1605,864
1605,865
1606,865
1606,865
1606,865
1607,865
1608,865
1608,866
1608,866
1609,866
1609,867
1609,867
1610,867
1610,867
1610,867
1611,867
1611,868
1612,868
1612,868
1613,868
1613,868
1613,868
1613,869
1614,869
1614,869
1614,869
1615,869
1616,870
1616,870
1617,870
1617,871
1617,871
1618,871
1618,871
1619,872
1620,872
1620,872
1621,872
1621,873
1622,873
1622,873
1623,873
1623,873
1624,873
1624,873
1624,874
1625,874
1625,874
1626,875
1626,875
1627,875
1628,875
1628,875
1628,876
1629,876
1629,876
1630,876
1630,876
1631,876
1631,877
1632,877
1633,877
1633,877
1634,878
1634,878
1635,878
1635,879
1635,879
1636,879
1637,879
1637,879
1638,879
1638,880
1639,880
1639,880
1640,880
1641,881
1641,881
1642,881
1642,881
1642,881
1643,881
1643,882
1644,882
1644,883
1645,883
1645,883
1646,883
1646,883
1646,883
1647,883
1647,884
1648,884
1649,884
1649,884
1650,885
1650,885
1651,885
1651,885
1652,885
1653,886
1653,886
1654,886
1654,887
1654,887
1655,887
1655,887
1655,887
1656,887
1657,887
1657,888
1657,888
1657,888
1658,888
1658,888
1659,888
1659,889
1660,889
1661,889
1661,889
1661,889
1662,889
1662,890
1662,890
1663,890
1663,891
1664,891
1664,891
1665,891
1666,891
1666,892
1667,892
1667,892
1667,892
1668,892
1668,892
1669,892
1669,893
1670,893
1670,893
1671,893
1671,893
1672,894
1672,894
1673,894
1674,894
1674,894
1675,894
1675,895
1676,895
1676,895
1677,895
1677,896
1678,896
1678,896
1678,896
1679,896
1679,896
1680,897
1680,897
1681,897
1682,897
1682,897
1683,898
1683,898
1684,898
1684,898
1685,898
1685,899
1686,899
1686,899
1687,899
1687,900
1687,900
1687,900
1688,900
1688,900
1689,900
1689,901
1690,901
1690,901
1691,901
1691,901
1692,901
1692,902
1693,902
1693,902
1694,902
1695,902
1695,903
1695,903
1696,903
1696,904
1696,904
1697,904
1697,904
1697,904
1698,904
1699,904
1699,905
1699,905
1700,905
1700,905
1701,905
1701,905
1701,906
1702,906
1703,906
1703,906
1703,906
1704,906
1704,907
1705,907
1705,907
1705,908
1706,908
1707,908
1707,908
1707,908
1708,908
1708,908
1708,909
1709,909
1709,909
1709,909
1710,909
1711,909
1711,910
1712,910
1712,910
1712,910
1713,910
1713,910
1713,911
1714,911
1715,911
1715,912
1716,912
1716,912
1717,912
1717,912
1718,912
1718,913
1719,913
1719,913
1719,913
1720,913
1720,913
1720,914
1721,914
1721,914
1722,914
1722,914
1723,914
1723,915
1724,915
1724,915
1724,916
1725,916
1725,916
1726,916
1726,916
1727,916
1728,917
1728,917
1728,917
1729,917
1729,917
1730,918
1730,918
1731,918
1731,918
1732,918
1732,918
1732,919
1733,919
1733,919
1734,919
1734,920
1734,920
1735,920
1735,920
1736,920
1736,920
1737,921
1737,921
1738,921
1738,921
1739,921
1740,922
1740,922
1741,922
1741,922
1742,922
1742,923
1742,923
1743,923
1743,924
1744,924
1744,924
1745,924
1745,924
1746,924
1746,925
1747,925
1748,925
1748,925
1748,925
1749,925
1749,926
1749,926
1750,926
1750,926
1750,926
1751,926
1752,926
1752,927
1752,927
1753,927
1753,927
1753,927
1754,927
1754,927
1755,927
1756,928
1756,928
1756,929
1757,929
1757,929
1758,929
1758,929
1759,929
1759,930
1760,930
1761,930
1761,930
1762,930
1762,931
1762,931
1763,931
1763,931
1764,931
1765,931
1765,932
1766,932
1766,932
1767,933
1767,933
1767,933
1768,933
1769,933
1769,933
1770,934
1770,934
1771,934
1771,934
1772,934
1773,934
1773,935
1773,935
1774,935
1774,935
1775,935
1775,935
1775,936
1776,936
1777,937
1777,937
1778,937
1778,937
1779,937
1779,937
1779,938
1780,938
1781,938
1781,938
1782,938
1782,939
1783,939
1783,939
1784,939
1785,939
1785,940
1785,940
1786,940
1786,941
1787,941
1787,941
1788,941
1789,941
1789,942
1789,942
1790,942
1790,942
1791,942
1791,942
1792,943
1792,943
1792,943
1793,943
1794,943
1794,943
1794,944
1795,944
1795,944
1795,945
1796,945
1796,945
1797,945
1797,945
1798,945
1798,945
1798,946
1799,946
1799,946
1800,946
1800,946
1800,946
1801,947
1802,947
1802,947
1802,947
1803,947
1803,947
1803,948
1804,948
1804,948
1805,949
1806,949
1806,949
1806,949
1807,949
1807,949
1808,949
1808,950
1809,950
1809,950
1810,950
1810,950
1811,950
1811,951
1811,951
1812,951
1812,951
1812,951
1813,951
1814,951
1814,951
1814,952
1815,952
1815,953
1816,953
1816,953
1817,953
1818,953
1818,953
1818,953
1819,953
1819,954
1820,954
1820,954
1820,954
1821,954
1821,954
1822,954
1822,955
1823,955
1823,955
1823,955
1824,955
1824,955
1825,956
1825,956
1826,956
1827,956
1827,956
1827,957
1828,957
1828,957
1829,958
1829,958
1830,958
1831,958
1831,958
1832,959
1832,959
1833,959
1833,959
1834,959
1834,960
1835,960
1835,960
1836,960
1836,960
1836,960
1837,960
1837,961
1838,961
1839,962
1839,962
1840,962
1840,962
1841,962
1841,963
1842,963
1843,963
1843,963
1844,964
1844,964
1845,964
1845,964
1846,964
1847,965
1848,966
1848,966
1849,966
1849,966
1850,966
1851,967
1851,967
1852,967
1852,967
1853,968
1853,968
1854,968
1855,969
1855,969
1856,969
1856,969
1857,969
1857,970
1858,970
1859,970
1859,970
1860,971
1860,971
1861,971
1861,971
1862,971
1863,971
1863,972
1863,972
1864,972
1864,972
1865,972
1865,973
1865,973
1866,973
1867,974
1867,974
1867,974
1868,974
1868,974
1869,975
1869,975
1869,975
1870,975
1871,975
1871,975
1871,976
1872,976
1872,976
1873,976
1873,976
1873,977
1874,977
1875,978
1875,978
1876,978
1876,978
1877,978
1877,979
1878,979
1878,979
1879,979
1880,980
1880,980
1881,980
1881,980
1882,980
1882,981
1883,981
1884,982
1884,982
1884,982
1885,982
1886,982
1887,983
1887,983
1888,983
1888,983
1889,984
1889,984
1891,984
1891,984
1892,985
1892,985
1893,985
1893,986
1894,986
1895,986
1895,986
1896,987
1897,987
1897,987
1898,987
1899,988
1899,988
1900,988
1900,988
1901,988
1902,989
1903,990
1903,990
1904,990
1905,990
1905,990
1906,990
1906,991
1907,991
1907,991
1908,991
1909,992
1909,992
1910,992
1910,993
1911,993
1911,993
1912,993
1913,994
1914,994
1914,994
1915,994
1916,995
1916,995
1917,995
1917,995
1917,995
1918,995
1918,995
1918,996
1919,996
1920,996
1920,997
1920,997
1921,997
1921,997
1922,997
1922,998
1922,998
1923,998
1923,998
1923,998
1924,998
1925,998
1925,999
1925,999
1926,999
1926,999
1926,999
1927,999
1927,999
1927,1000
1928,1000
1929,1000
1929,1000
1929,1001
1930,1001
1930,1001
1930,1001
1931,1001
1931,1001
1932,1001
1932,1002
1933,1002
1933,1002
1934,1002
1934,1002
1935,1002
1935,1003
1936,1003
1937,1003
1937,1003
1937,1003
1938,1003
1938,1003
1939,1004
1939,1004
1939,1005
1940,1005
1941,1005
1941,1005
1942,1005
1942,1005
1942,1005
1943,1005
1943,1005
1944,1006
1945,1006
1945,1006
1945,1006
1946,1006
1946,1006
1947,1006
1947,1007
1947,1007
1948,1007
1949,1007
1949,1007
1949,1008
1950,1008
1950,1008
1951,1008
1951,1008
1951,1008
1952,1008
1953,1009
1953,1009
1954,1009
1954,1010
1954,1010
1955,1010
1955,1010
1955,1010
1956,1010
1956,1011
1957,1011
1958,1011
1958,1011
1958,1011
1959,1011
1959,1012
1959,1012
1960,1012
1960,1012
1961,1012
1962,1013
1962,1013
1963,1013
1963,1013
1963,1014
1964,1014
1964,1014
1964,1014
1965,1014
1966,1014
1966,1014
1966,1015
1967,1015
1967,1015
1968,1015
1968,1015
1968,1015
1969,1015
1969,1016
1970,1016
1970,1016
1971,1016
1971,1016
1972,1016
1972,1016
1972,1017
1973,1017
1974,1017
1974,1017
1974,1018
1975,1018
1975,1018
1975,1018
1976,1018
1976,1018
1976,1019
1977,1019
1977,1019
1978,1019
1978,1019
1979,1019
1979,1020
1979,1020
1979,1020
1980,1020
1980,1020
1981,1020
1981,1021
1982,1021
1982,1021
1982,1022
1983,1022
1983,1022
1983,1022
1984,1022
1984,1022
1985,1022
1985,1023
1986,1023
1986,1023
1987,1023
1987,1023
1987,1024
1988,1024
1988,1024
1988,1024
1989,1024
1989,1024
1989,1025
1990,1025
1991,1025
1991,1026
1991,1026
1992,1026
1992,1026
1993,1026
1993,1026
1993,1027
1994,1027
1995,1027
1995,1027
1996,1028
1996,1028
1997,1028
1997,1028
1998,1028
1998,1029
1999,1029
1999,1030
1999,1030
2000,1030
2000,1030
2000,1030
2001,1030
2001,1031
2002,1031
2002,1031
2003,1031
2003,1031
2003,1032
2004,1032
2004,1032
2004,1032
2005,1032
2005,1032
2005,1033
2006,1033
2007,1034
2007,1034
2008,1034
2008,1034
2009,1035
2009,1035
2009,1035
2010,1035
2011,1035
2011,1036
2011,1036
2012,1036
2012,1036
2013,1037
2013,1037
2013,1038
2014,1038
2015,1038
2015,1038
2015,1038
2015,1039
2016,1039
2016,1039
2016,1039
2017,1039
2017,1039
2017,1040
2018,1040
2019,1040
2019,1040
2020,1040
2020,1041
2020,1041
2021,1041
2021,1042
2021,1042
2022,1042
2022,1043
2022,1043
2023,1043
2024,1043
2024,1044
2024,1044
2024,1044
2025,1044
2025,1044
2025,1045
2026,1045
2026,1045
2026,1045
2027,1045
2027,1046
2028,1046
2028,1047
2028,1047
2029,1047
2029,1047
2029,1047
2029,1048
2030,1048
2030,1048
2031,1048
2031,1049
2032,1049
2032,1049
2033,1049
2033,1050
2033,1050
2034,1051
2034,1051
2034,1051
2035,1052
2036,1052
2036,1052
2037,1052
2037,1053
2037,1053
2038,1053
2038,1054
2039,1055
2040,1055
2040,1055
2040,1055
2041,1055
2041,1056
2041,1056
2042,1056
2042,1056
2042,1056
2042,1057
2043,1057
2044,1057
2044,1058
2045,1058
2045,1059
2046,1059
2046,1060
2047,1060
2047,1060
2048,1060
2048,1061
2049,1061
2049,1061
2049,1062
2050,1062
2050,1063
2051,1063
2051,1063
2051,1064
2052,1064
2052,1064
2053,1064
2053,1065
2053,1065
2054,1065
2054,1065
2054,1065
2054,1066
2055,1066
2055,1067
2055,1067
2056,1067
2056,1067
2057,1067
2057,1068
2057,1068
2058,1068
2058,1069
2059,1069
2059,1069
2059,1069
2060,1070
2061,1070
2061,1071
2062,1071
2062,1071
2063,1072
2063,1072
2064,1072
2064,1073
2065,1073
2065,1073
2065,1073
2066,1073
2066,1074
2067,1074
2067,1074
2067,1074
2068,1075
2069,1075
2069,1076
2070,1076
2070,1076
2071,1077
2071,1077
2071,1077
2072,1077
2073,1077
2073,1078
2073,1078
2073,1078
2074,1078
2074,1078
2074,1079
2075,1079
2075,1080
2076,1080
2076,1080
2077,1080
2077,1081
2078,1081
2078,1081
2078,1081
2079,1081
2079,1082
2079,1082
2079,1082
2080,1082
2081,1082
2081,1083
2081,1083
2081,1084
2082,1084
2082,1084
2082,1084
2083,1084
2083,1085
2084,1085
2085,1085
2085,1086
2086,1086
2086,1086
2087,1087
2087,1087
2088,1087
2089,1088
2089,1088
2090,1088
2090,1089
2091,1089
2091,1089
2092,1090
2093,1090
2093,1090
2094,1090
2094,1091
2094,1091
2094,1092
2095,1092
2095,1092
2096,1092
2097,1093
2097,1093
2098,1093
2098,1093
2099,1094
2099,1094
2100,1094
2101,1095
2101,1095
2102,1096
2102,1096
2102,1096
2103,1096
2103,1096
2103,1097
2104,1097
2105,1097
2105,1097
2105,1098
2106,1098
2106,1098
2106,1098
2107,1098
2107,1098
2107,1099
2108,1099
2108,1100
2109,1100
2109,1100
2110,1100
2110,1100
2110,1100
2110,1101
2111,1101
2111,1101
2111,1101
2112,1101
2113,1102
2113,1102
2114,1102
2114,1102
2114,1103
2115,1103
2115,1103
2115,1103
2116,1103
2116,1104
2116,1104
2117,1104
2117,1105
2118,1105
2118,1105
2119,1105
2119,1106
2119,1106
2120,1106
2120,1107
2121,1107
2122,1107
2122,1107
2122,1108
2123,1108
2123,1109
2123,1109
2124,1109
2124,1109
2124,1109
2125,1110
2126,1110
2126,1110
2126,1110
2127,1110
2127,1111
2127,1111
2127,1111
2128,1111
2128,1111
2128,1112
2129,1113
2130,1113
2130,1113
2130,1113
2131,1113
2131,1114
2131,1114
2132,1114
2132,1114
2133,1115
2134,1115
2134,1115
2135,1116
2135,1116
2136,1117
2136,1117
2137,1117
2138,1118
2138,1118
2138,1118
2139,1118
2139,1119
2140,1119
2140,1119
2140,1119
2141,1119
2141,1120
2142,1120
2142,1120
2142,1121
2143,1121
2143,1121
2144,1121
2144,1122
2144,1122
2145,1122
2146,1122
2146,1123
2146,1123
2147,1123
2147,1123
2148,1124
2148,1124
2148,1125
2149,1125
2149,1125
2150,1125
2150,1126
2151,1126
2151,1126
2152,1126
2152,1127
2152,1127
2153,1127
2153,1127
2153,1127
2154,1128
2155,1128
2155,1129
2155,1129
2156,1129
2156,1129
2157,1130
2157,1130
2158,1130
2159,1131
2159,1131
2160,1131
2160,1131
2161,1132
2161,1132
2162,1132
2162,1133
2163,1133
2163,1133
2164,1133
2164,1134
2165,1134
2165,1134
2165,1134
2166,1134
2166,1135
2167,1135
2167,1135
2168,1135
2168,1136
2169,1136
2169,1136
2169,1136
2170,1136
2170,1137
2171,1137
2171,1137
2172,1138
2172,1138
2172,1138
2173,1138
2173,1138
2174,1139
2175,1139
2175,1139
2175,1139
2176,1139
2176,1140
2176,1140
2177,1140
2177,1140
2178,1140
2178,1141
2178,1141
2179,1141
2180,1142
2180,1142
2181,1142
2181,1142
2182,1143
2182,1143
2183,1143
2183,1143
2184,1143
2184,1144
2185,1144
2185,1144
2186,1144
2186,1145
2187,1145
2188,1145
2188,1146
2189,1146
2189,1146
2190,1146
2190,1147
2190,1147
2191,1147
2192,1147
2192,1147
2193,1147
2193,1148
2193,1148
2194,1148
2194,1148
2195,1148
2195,1149
2196,1149
2196,1149
2197,1150
2197,1150
2198,1150
2198,1150
2198,1151
2199,1151
2200,1151
2200,1151
2200,1151
2201,1151
2201,1152
2201,1152
2202,1152
2202,1152
2202,1152
2203,1153
2204,1153
2204,1153
2204,1154
2205,1154
2205,1154
2206,1154
2206,1155
2207,1155
2208,1155
2208,1155
2209,1156
2209,1156
2210,1156
2210,1156
2211,1157
2211,1157
2212,1158
2213,1158
2213,1158
2214,1158
2214,1159
2214,1159
2215,1159
2215,1159
2216,1159
2217,1160
2217,1160
2217,1160
2218,1160
2218,1160
2219,1161
2219,1161
2220,1162
2221,1162
2221,1162
2222,1162
2222,1163
2223,1163
2223,1163
2224,1164
2225,1164
2225,1164
2225,1164
2226,1164
2226,1165
2226,1165
2227,1166
2227,1166
2228,1166
2229,1166
2229,1167
2230,1167
2230,1167
2231,1167
2231,1168
2231,1168
2232,1168
2232,1168
2233,1168
2233,1169
2234,1169
2234,1169
2235,1169
2235,1169
2235,1170
2236,1170
2237,1170
2237,1171
2237,1171
2238,1171
2238,1171
2239,1172
2239,1172
2239,1172
2240,1172
2241,1172
2241,1173
2241,1173
2242,1173
2242,1173
2243,1173
2243,1174
2243,1174
2244,1174
2244,1175
2245,1175
2245,1175
2246,1175
2246,1175
2246,1176
2247,1176
2247,1176
2247,1176
2248,1176
2248,1176
2248,1177
2249,1177
2250,1177
2250,1177
2251,1178
2251,1178
2252,1179
2252,1179
2253,1179
2254,1179
2254,1180
2254,1180
2255,1180
2255,1180
2255,1181
2256,1181
2256,1181
2256,1181
2257,1181
2257,1182
2258,1182
2258,1183
2258,1183
2259,1183
2259,1183
2259,1183
2260,1184
2260,1184
2260,1184
2261,1184
2262,1185
2262,1185
2263,1185
2263,1185
2263,1186
2264,1186
2264,1186
2264,1187
2265,1187
2266,1187
2266,1187
2266,1187
2267,1188
2267,1188
2268,1188
2268,1189
2269,1189
2270,1189
2270,1189
2270,1189
2271,1190
2271,1190
2271,1191
2272,1191
2272,1191
2272,1191
2273,1191
2273,1192
2273,1192
2274,1192
2275,1192
2275,1192
2275,1193
2276,1193
2276,1193
2276,1193
2277,1193
2277,1194
2278,1194
2278,1195
2279,1195
2279,1195
2279,1195
2280,1195
2280,1196
2281,1196
2281,1196
2281,1196
2281,1197
2282,1197
2283,1197
2283,1197
2284,1198
2284,1198
2284,1198
2285,1198
2285,1199
2286,1199
2287,1199
2287,1200
2287,1200
2287,1200
2288,1200
2288,1200
2288,1201
2289,1201
2289,1201
2289,1201
2290,1201
2291,1202
2291,1202
2291,1202
2292,1202
2292,1203
2293,1203
2293,1204
2293,1204
2294,1204
2295,1204
2295,1205
2295,1205
2296,1205
2296,1205
2296,1206
2297,1206
2297,1206
2298,1206
2298,1207
2299,1207
2299,1208
2300,1208
2300,1208
2300,1208
2300,1209
2301,1209
2301,1209
2301,1209
2302,1209
2302,1210
2303,1210
2303,1210
2303,1210
2304,1210
2304,1211
2304,1211
2305,1211
2305,1212
2305,1212
2306,1212
2306,1212
2306,1213
2307,1213
2308,1213
2308,1213
2308,1214
2309,1214
2309,1214
2310,1214
2310,1215
2310,1215
2311,1216
2312,1216
2312,1216
2312,1216
2313,1216
2313,1217
2313,1217
2314,1217
2314,1217
2314,1218
2315,1218
2315,1218
2316,1218
2316,1218
2317,1219
2317,1220
2317,1220
2318,1220
2318,1220
2319,1221
2320,1221
2320,1221
2321,1221
2321,1222
2321,1222
2322,1222
2322,1222
2322,1223
2323,1223
2324,1224
2324,1224
2325,1224
2325,1224
2325,1225
2326,1225
2326,1225
2327,1226
2328,1226
2328,1226
2328,1226
2329,1226
2329,1227
2329,1227
2330,1227
2330,1228
2330,1228
2331,1228
2332,1229
2332,1229
2332,1229
2333,1229
2333,1229
2333,1230
2334,1230
2334,1230
2334,1230
2335,1230
2335,1231
2336,1231
2336,1231
2337,1231
2337,1232
2338,1232
2338,1233
2339,1233
2339,1233
2339,1234
2340,1234
2341,1234
2341,1234
2341,1234
2342,1235
2342,1235
2343,1235
2343,1236
2344,1236
2345,1236
2345,1237
2345,1237
2345,1237
2346,1237
2346,1237
2346,1238
2347,1238
2347,1238
2347,1238
2348,1238
2348,1239
2349,1239
2349,1239
2349,1239
2350,1239
2350,1240
2350,1240
2350,1241
2351,1241
2351,1241
2351,1241
2352,1241
2353,1241
2353,1242
2353,1242
2353,1242
2354,1242
2354,1243
2355,1243
2355,1243
2355,1243
2356,1244
2357,1244
2357,1244
2357,1245
2358,1245
2358,1245
2358,1245
2359,1245
2359,1246
2359,1246
2360,1246
2361,1247
2361,1247
2361,1247
2362,1247
2362,1248
2363,1248
2363,1249
2364,1249
2364,1249
2365,1249
2365,1250
2366,1250
2366,1250
2366,1250
2367,1250
2367,1251
2367,1251
2368,1251
2369,1251
2369,1251
2369,1252
2370,1252
2370,1253
2371,1253
2371,1253
2372,1253
2372,1254
2373,1254
2374,1254
2374,1255
2375,1255
2375,1255
2375,1255
2376,1255
2376,1256
2376,1256
2377,1256
2378,1257
2378,1257
2379,1257
2379,1257
2379,1258
2380,1258
2380,1258
2380,1258
2381,1258
2382,1259
2382,1259
2383,1259
2383,1260
2384,1260
2384,1261
2385,1261
2386,1261
2386,1261
2387,1262
2387,1262
2388,1262
2388,1263
2388,1263
2389,1263
2389,1263
2390,1263
2390,1264
2391,1264
2391,1264
2391,1264
2392,1265
2392,1265
2393,1266
2394,1266
2394,1266
2394,1266
2395,1266
2395,1267
2395,1267
2396,1267
2396,1267
2396,1267
2397,1267
2397,1268
2398,1268
2398,1268
2398,1268
2399,1268
2399,1269
2399,1270
2400,1270
2400,1270
2401,1270
2401,1271
2402,1271
2403,1271
2403,1271
2403,1272
2404,1272
2404,1272
2405,1272
2405,1273
2405,1273
2406,1273
2406,1274
2407,1274
2407,1274
2408,1274
2408,1275
2408,1275
2409,1275
2409,1275
2409,1275
2410,1276
2411,1276
2411,1276
2412,1276
2412,1277
2412,1277
2413,1278
2413,1278
2414,1278
2415,1278
2415,1279
2416,1279
2416,1279
2417,1280
2417,1280
2418,1280
2419,1280
2419,1281
2419,1281
2420,1281
2420,1282
2420,1282
2421,1282
2421,1282
2422,1283
2423,1283
2423,1283
2423,1283
2423,1284
2424,1284
2424,1284
2424,1284
2425,1284
2425,1285
2425,1285
2426,1285
2426,1286
2427,1286
2427,1286
2427,1286
2428,1287
2428,1287
2429,1287
2429,1288
2430,1288
2431,1288
2431,1289
2432,1289
2432,1290
2433,1290
2433,1290
2434,1291
2434,1291
2435,1291
2436,1292
2436,1292
2437,1292
2437,1293
2438,1293
2438,1294
2439,1294
2440,1294
2440,1295
2441,1295
2441,1295
2442,1295
2442,1296
2443,1296
2443,1296
2444,1296
2444,1296
2444,1297
2445,1297
2445,1297
2445,1297
2446,1297
2446,1298
2446,1298
2446,1299
2447,1299
2448,1299
2448,1299
2448,1300
2449,1300
2449,1300
2450,1301
2450,1301
2451,1301
2451,1301
2452,1301
2452,1302
2452,1302
2453,1303
2453,1303
2454,1303
2454,1303
2454,1304
2455,1304
2456,1304
2456,1304
2456,1304
2456,1305
2457,1305
2457,1305
2458,1305
2458,1305
2458,1305
2458,1306
2459,1306
2460,1306
2460,1307
2460,1307
2461,1307
2461,1307
2461,1308
2462,1308
2462,1308
2462,1308
2463,1309
2464,1309
2464,1309
2464,1310
2465,1310
2465,1310
2465,1311
2466,1311
2466,1311
2467,1311
2467,1312
2467,1312
2468,1312
2469,1312
2469,1313
2470,1313
2470,1313
2470,1314
2471,1314
2471,1314
2471,1315
2472,1315
2472,1315
2473,1315
2473,1315
2473,1316
2474,1316
2474,1316
2475,1316
2475,1317
2475,1317
2475,1317
2476,1317
2477,1317
2477,1318
2477,1318
2478,1318
2478,1319
2478,1319
2478,1319
2479,1319
2479,1319
2479,1320
2480,1320
2480,1320
2481,1320
2481,1321
2482,1321
2482,1321
2482,1321
2482,1322
2483,1322
2483,1323
2483,1323
2484,1323
2485,1324
2485,1324
2485,1324
2486,1324
2486,1325
2486,1325
2486,1325
2487,1325
2487,1326
2487,1326
2488,1326
2489,1326
2489,1327
2489,1327
2489,1328
2490,1328
2490,1328
2490,1328
2490,1329
2491,1329
2491,1329
2491,1329
2492,1330
2493,1330
2493,1330
2493,1330
2493,1331
2494,1331
2494,1332
2494,1332
2495,1332
2495,1333
2496,1333
2496,1333
2497,1333
2497,1334
2497,1334
2497,1334
2498,1334
2498,1334
2498,1335
2499,1336
2499,1336
2499,1336
2500,1336
2500,1337
2500,1337
2500,1337
2501,1337
2501,1338
2502,1338
2502,1338
2502,1338
2502,1339
2503,1339
2503,1340
2503,1340
2503,1340
2504,1340
2504,1341
2504,1341
2504,1341
2505,1341
2505,1342
2506,1342
2506,1342
2506,1343
2507,1343
2507,1344
2507,1344
2507,1344
2508,1344
2508,1345
2508,1345
2508,1345
2509,1345
2509,1346
2510,1346
2510,1347
2510,1347
2511,1347
2511,1348
2511,1348
2511,1348
2512,1349
2512,1349
2512,1349
2513,1350
2513,1350
2514,1350
2514,1351
2514,1351
2514,1352
2515,1352
2515,1352
2515,1352
2515,1353
2516,1353
2516,1353
2516,1353
2516,1354
2517,1354
2517,1354
2518,1354
2518,1355
2518,1355
2519,1356
2519,1356
2519,1356
2519,1357
2520,1357
2520,1357
2520,1358
2521,1358
2522,1359
2522,1359
2522,1359
2523,1359
2523,1360
2523,1360
2523,1361
2524,1361
2524,1361
2524,1361
2524,1362
2524,1362
2525,1362
2525,1363
2526,1363
2526,1363
2526,1364
2526,1364
2526,1365
2527,1365
2527,1365
2527,1366
2527,1366
2527,1366
2528,1366
2528,1367
2528,1367
2528,1367
2528,1368
2529,1368
2529,1369
2529,1369
2529,1369
2529,1370
2530,1370
2531,1371
2531,1371
2531,1371
2531,1372
2531,1373
2532,1373
2532,1373
2532,1373
2532,1374
2532,1374
2533,1374
2533,1375
2533,1375
2533,1375
2534,1375
2534,1376
2534,1377
2535,1377
2535,1377
2535,1377
2535,1378
2536,1378
2536,1379
2536,1379
2536,1379
2537,1379
2537,1380
2537,1381
2537,1381
2537,1381
2538,1381
2538,1382
2539,1382
2539,1382
2539,1383
2540,1383
2540,1383
2540,1384
2540,1385
2541,1385
2541,1385
2541,1385
2541,1386
2542,1386
2542,1386
2542,1387
2543,1387
2543,1387
2543,1387
2543,1388
2543,1389
2544,1389
2544,1389
2544,1389
2544,1390
2544,1390
2545,1390
2545,1391
2545,1391
2545,1391
2545,1392
2546,1392
2546,1392
2547,1392
2547,1393
2547,1394
2547,1394
2547,1394
2548,1394
2548,1395
2548,1395
2548,1395
2549,1395
2549,1396
2549,1396
2549,1396
2549,1397
2550,1397
2550,1398
2551,1398
2551,1398
2551,1398
2551,1399
2552,1399
2552,1400
2552,1400
2553,1400
2553,1401
2553,1402
2554,1402
2554,1402
2555,1402
2555,1403
2555,1403
2555,1403
2556,1403
2556,1404
2556,1404
2556,1404
2557,1404
2557,1405
2557,1405
2557,1406
2558,1406
2558,1406
2559,1406
2559,1407
2559,1407
2559,1407
2560,1407
